Year,Player,Rank,Position,Team
2010,Tom Brady,1,QB,NE
2010,Peyton Manning,2,QB,IND
2010,Adrian Peterson,3,RB,MIN
2010,Ray Lewis,4,LB,BAL
2010,Ed Reed,5,S,BAL
2010,Troy Polamalu,6,S,PIT
2010,Andre Johnson,7,WR,HOU
2010,Darrelle Revis,8,CB,NYJ
2010,Drew Brees,9,QB,NOR
2010,Julius Peppers,10,DE,CHI
2010,Aaron Rodgers,11,QB,GB
2010,DeMarcus Ware,12,LB,DAL
2010,Chris Johnson,13,RB,TEN
2010,Larry Fitzgerald,14,WR,ARI
2010,Dwight Freeney,15,DE,IND
2010,Charles Woodson,16,CB,GB
2010,Haloti Ngata,17,DT,BAL
2010,Nnamdi Asomugha,18,CB,LV
2010,Clay Matthews,19,LB,GB
2010,Michael Vick,20,QB,PHI
2010,James Harrison,21,LB,PIT
2010,Antonio Gates,22,TE,LAC
2010,Patrick Willis,23,LB,SF
2010,Roddy White,24,WR,ATL
2010,Arian Foster,25,RB,HOU
2010,Philip Rivers,26,QB,LAC
2010,Calvin Johnson,27,WR,DET
2010,Jake Long,28,OT,MIA
2010,DeSean Jackson,29,WR,PHI
2010,Maurice Jones-Drew,30,RB,JAX
2010,Reggie Wayne,31,WR,IND
2010,Devin Hester,32,WR,CHI
2010,Jamaal Charles,33,RB,KC
2010,Jahri Evans,34,G,NOR
2010,Vince Wilfork,35,DT,NE
2010,Jason Witten,36,TE,DAL
2010,Jonathan Vilma,37,LB,NOR
2010,Steven Jackson,38,RB,LAR
2010,Logan Mankins,39,G,NE
2010,Terrell Suggs,40,LB,BAL
2010,Ben Roethlisberger,41,QB,PIT
2010,Michael Turner,42,RB,ATL
2010,Joe Thomas,43,OT,CLV
2010,Robert Mathis,44,DE,IND
2010,Dwayne Bowe,45,WR,KC
2010,Tony Gonzalez,46,TE,ATL
2010,Nick Mangold,47,C,NYJ
2010,Champ Bailey,48,CB,DEN
2010,Brian Urlacher,49,LB,CHI
2010,Wes Welker,50,WR,NE
2010,Ndamukong Suh,51,DT,DET
2010,Matt Ryan,52,QB,ATL
2010,Marques Colston,53,WR,NOR
2010,Asante Samuel,54,CB,PHI
2010,Carl Nicks,55,G,NOR
2010,Ray Rice,56,RB,BAL
2010,Andre Gurode,57,C,DAL
2010,Brandon Lloyd,58,WR,DEN
2010,Jeff Saturday,59,C,IND
2010,Justin Tuck,60,DE,NYG
2010,Brandon Marshall,61,WR,MIA
2010,Jerod Mayo,62,LB,NE
2010,Cameron Wake,63,DE,MIA
2010,Tamba Hali,64,DE,KC
2010,Vonta Leach,65,FB,HOU
2010,Richard Seymour,66,DT,LV
2010,Brian Waters,67,G,KC
2010,Antrel Rolle,68,S,NYG
2010,John Abraham,69,DE,ATL
2010,Miles Austin,70,WR,DAL
2010,Mario Williams,71,DE,HOU
2010,Tony Romo,72,QB,DAL
2010,Trent Cole,73,DE,PHI
2010,Greg Jennings,74,WR,GB
2010,Jay Ratliff,75,DT,DAL
2010,Santonio Holmes,76,WR,NYJ
2010,Chris Snee,77,G,NYG
2010,Dallas Clark,78,TE,IND
2010,D'Brickashaw Ferguson,79,OT,NYJ
2010,Jared Allen,80,DE,MIN
2010,B. J. Raji,81,DT,GB
2010,LaMarr Woodley,82,LB,PIT
2010,Mike Williams,83,WR,TB
2010,Josh Cribbs,84,WR,CLV
2010,Jason Babin,85,DE,TEN
2010,Josh Freeman,86,QB,TB
2010,Jordan Gross,87,OT,CAR
2010,Vernon Davis,88,TE,SF
2010,Adrian Wilson,89,S,ARI
2010,Joe Flacco,90,QB,BAL
2010,Terrell Owens,91,WR,CIN
2010,Lance Briggs,92,LB,CHI
2010,Eric Berry,93,S,KC
2010,Frank Gore,94,RB,SF
2010,Jon Beason,95,LB,CAR
2010,Nick Collins,96,S,GB
2010,Shaun Phillips,97,LB,LAC
2010,Darren McFadden,98,RB,LV
2010,Chad Clifton,99,OT,GB
2010,Donovan McNabb,100,QB,WAS
2011,Aaron Rodgers,1,QB,GB
2011,Drew Brees,2,QB,NOR
2011,Calvin Johnson,3,WR,DET
2011,Tom Brady,4,QB,NE
2011,Darrelle Revis,5,CB,NYJ
2011,DeMarcus Ware,6,LB,DAL
2011,Larry Fitzgerald,7,WR,ARI
2011,Adrian Peterson,8,RB,MIN
2011,Haloti Ngata,9,DT,BAL
2011,Patrick Willis,10,LB,SF
2011,Terrell Suggs,11,LB,BAL
2011,Maurice Jones-Drew,12,RB,JAX
2011,Jared Allen,13,DE,MIN
2011,Jimmy Graham,14,TE,NOR
2011,Andre Johnson,15,WR,HOU
2011,Ed Reed,16,S,BAL
2011,Justin Smith,17,DE,SF
2011,LeSean McCoy,18,RB,PHI
2011,Troy Polamalu,19,S,PIT
2011,Ray Lewis,20,LB,BAL
2011,Rob Gronkowski,21,TE,NE
2011,Ray Rice,22,RB,BAL
2011,Wes Welker,23,WR,NE
2011,Jason Pierre-Paul,24,DE,NYG
2011,Arian Foster,25,RB,HOU
2011,Julius Peppers,26,DE,CHI
2011,Clay Matthews,27,LB,GB
2011,Frank Gore,28,RB,SF
2011,James Harrison,29,LB,PIT
2011,Ben Roethlisberger,30,QB,PIT
2011,Eli Manning,31,QB,NYG
2011,Jahri Evans,32,G,NOR
2011,Matt Forte,33,RB,CHI
2011,Tamba Hali,34,DE,KC
2011,Steve Smith,35,WR,CAR
2011,Charles Woodson,36,CB,GB
2011,Steven Jackson,37,RB,LAR
2011,Ndamukong Suh,38,DT,DET
2011,Victor Cruz,39,WR,NYG
2011,Cam Newton,40,QB,CAR
2011,Matthew Stafford,41,QB,DET
2011,Jason Peters,42,OT,PHI
2011,Vernon Davis,43,TE,SF
2011,Jason Babin,44,DE,PHI
2011,Vonta Leach,45,FB,BAL
2011,Champ Bailey,46,CB,DEN
2011,Mike Wallace,47,WR,PIT
2011,Devin Hester,48,WR,CHI
2011,Maurkice Pouncey,49,C,PIT
2011,Peyton Manning,50,QB,IND
2011,Brian Urlacher,51,LB,CHI
2011,Von Miller,52,LB,DEN
2011,Tony Gonzalez,53,TE,ATL
2011,Brian Cushing,54,LB,HOU
2011,Patrick Peterson,55,CB,ARI
2011,Greg Jennings,56,WR,GB
2011,Trent Cole,57,DE,PHI
2011,Jonathan Vilma,58,LB,NOR
2011,Jake Long,59,OT,MIA
2011,Darren McFadden,60,RB,LV
2011,Philip Rivers,61,QB,LAC
2011,Justin Tuck,62,DE,NYG
2011,LaMarr Woodley,63,LB,PIT
2011,Logan Mankins,64,G,NE
2011,Roddy White,65,WR,ATL
2011,Earl Thomas,66,S,SEA
2011,Joe Staley,67,OT,SF
2011,Elvis Dumervil,68,DE,DEN
2011,Carlos Rogers,69,CB,SF
2011,Michael Vick,70,QB,PHI
2011,DeSean Jackson,71,WR,PHI
2011,Lance Briggs,72,LB,CHI
2011,Johnathan Joseph,73,CB,HOU
2011,Joe Flacco,74,QB,BAL
2011,Jason Witten,75,TE,DAL
2011,Carl Nicks,76,G,NOR
2011,A. J. Green,77,WR,CIN
2011,Derrick Johnson,78,LB,KC
2011,Nnamdi Asomugha,79,CB,PHI
2011,Jordy Nelson,80,WR,GB
2011,Vince Wilfork,81,DT,NE
2011,Joe Thomas,82,OT,CLV
2011,Fred Jackson,83,RB,BUF
2011,Chris Long,84,DE,LAR
2011,NaVorro Bowman,85,LB,SF
2011,Darren Sproles,86,RB,NOR
2011,London Fletcher,87,LB,WAS
2011,Michael Turner,88,RB,ATL
2011,Dwight Freeney,89,DE,IND
2011,Hakeem Nicks,90,WR,NYG
2011,Tony Romo,91,QB,DAL
2011,John Kuhn,92,FB,GB
2011,Cortland Finnegan,93,CB,TEN
2011,Marshawn Lynch,94,RB,SEA
2011,Tim Tebow,95,QB,DEN
2011,D'Qwell Jackson,96,LB,CLV
2011,Donald Penn,97,OT,TB
2011,Willis McGahee,98,RB,DEN
2011,Ryan Kalil,99,C,CAR
2011,Chris Johnson,100,RB,TEN
2012,Adrian Peterson,1,RB,MIN
2012,Peyton Manning,2,QB,DEN
2012,Calvin Johnson,3,WR,DET
2012,Tom Brady,4,QB,NE
2012,J. J. Watt,5,DE,HOU
2012,Aaron Rodgers,6,QB,GB
2012,Aldon Smith,7,LB,SF
2012,Arian Foster,8,RB,HOU
2012,Von Miller,9,LB,DEN
2012,Patrick Willis,10,LB,SF
2012,Drew Brees,11,QB,NOR
2012,DeMarcus Ware,12,LB,DAL
2012,Ray Rice,13,RB,BAL
2012,Andre Johnson,14,WR,HOU
2012,Robert Griffin III,15,QB,WAS
2012,A. J. Green,16,WR,CIN
2012,Matt Ryan,17,QB,ATL
2012,Ed Reed,18,S,BAL
2012,Joe Flacco,19,QB,BAL
2012,Jamaal Charles,20,RB,KC
2012,Reggie Wayne,21,WR,IND
2012,Larry Fitzgerald,22,WR,ARI
2012,Andrew Luck,23,QB,IND
2012,Marshawn Lynch,24,RB,SEA
2012,Rob Gronkowski,25,TE,NE
2012,Julio Jones,26,WR,ATL
2012,Brandon Marshall,27,WR,CHI
2012,Joe Thomas,28,OT,CLV
2012,Justin Smith,29,DE,SF
2012,Vince Wilfork,30,DT,NE
2012,Clay Matthews,31,LB,GB
2012,Frank Gore,32,RB,SF
2012,Patrick Peterson,33,CB,ARI
2012,Charles Tillman,34,CB,CHI
2012,Dez Bryant,35,WR,DAL
2012,Geno Atkins,36,DT,CIN
2012,NaVorro Bowman,37,LB,SF
2012,Vernon Davis,38,TE,SF
2012,Roddy White,39,WR,ATL
2012,Ndamukong Suh,40,DT,DET
2012,Jason Witten,41,TE,DAL
2012,Haloti Ngata,42,DT,BAL
2012,Eli Manning,43,QB,NYG
2012,Wes Welker,44,WR,NE
2012,LeSean McCoy,45,RB,PHI
2012,Cam Newton,46,QB,CAR
2012,Tony Gonzalez,47,TE,ATL
2012,Duane Brown,48,OT,HOU
2012,Justin Houston,49,LB,KC
2012,Richard Sherman,50,CB,SEA
2012,Russell Wilson,51,QB,SEA
2012,Vincent Jackson,52,WR,TB
2012,Champ Bailey,53,CB,DEN
2012,Julius Peppers,54,DE,CHI
2012,Jason Pierre-Paul,55,DE,NYG
2012,Terrell Suggs,56,LB,BAL
2012,Doug Martin,57,RB,TB
2012,Victor Cruz,58,WR,NYG
2012,Derrick Johnson,59,LB,KC
2012,Jared Allen,60,DE,MIN
2012,Ben Roethlisberger,61,QB,PIT
2012,Chris Johnson,62,RB,TEN
2012,Stephen Tulloch,63,LB,DET
2012,Alfred Morris,64,RB,WAS
2012,Dwayne Bowe,65,WR,KC
2012,Earl Thomas,66,S,SEA
2012,Darrelle Revis,67,CB,NYJ
2012,Demaryius Thomas,68,WR,DEN
2012,Tim Jennings,69,CB,CHI
2012,Chad Greenway,70,LB,MIN
2012,Trent Richardson,71,RB,CLV
2012,Mario Williams,72,DE,BUF
2012,Antonio Gates,73,TE,LAC
2012,Robert Mathis,74,DE,IND
2012,Brandon Flowers,75,CB,KC
2012,Matthew Stafford,76,QB,DET
2012,Aaron Hernandez,77,TE,NE
2012,Joe Staley,78,OT,SF
2012,Luke Kuechly,79,LB,CAR
2012,Dwight Freeney,80,DE,IND
2012,Colin Kaepernick,81,QB,SF
2012,Logan Mankins,82,G,NE
2012,Lance Briggs,83,LB,CHI
2012,Steve Smith,84,WR,CAR
2012,Charles Woodson,85,CB,GB
2012,London Fletcher,86,LB,WAS
2012,Bernard Pollard,87,S,BAL
2012,Jacoby Jones,88,WR,BAL
2012,Cameron Wake,89,LB,MIA
2012,Percy Harvin,90,WR,MIN
2012,Troy Polamalu,91,S,PIT
2012,Gerald McCoy,92,DT,TB
2012,Anquan Boldin,93,WR,BAL
2012,Daryl Washington,94,LB,ARI
2012,Max Unger,95,C,SEA
2012,Dashon Goldson,96,S,SF
2012,Heath Miller,97,TE,PIT
2012,Maurice Jones-Drew,98,RB,JAX
2012,Trent Williams,99,OT,WAS
2012,Dennis Pitta,100,TE,BAL
2013,Peyton Manning,1,QB,DEN
2013,Calvin Johnson,2,WR,DET
2013,Tom Brady,3,QB,NE
2013,Adrian Peterson,4,RB,MIN
2013,LeSean McCoy,5,RB,PHI
2013,Drew Brees,6,QB,NOR
2013,Richard Sherman,7,CB,SEA
2013,Jamaal Charles,8,RB,KC
2013,A. J. Green,9,WR,CIN
2013,Jimmy Graham,10,TE,NOR
2013,Aaron Rodgers,11,QB,GB
2013,J. J. Watt,12,DE,HOU
2013,Robert Quinn,13,DE,LAR
2013,Marshawn Lynch,14,RB,SEA
2013,Luke Kuechly,15,LB,CAR
2013,Josh Gordon,16,WR,CLV
2013,Earl Thomas,17,S,SEA
2013,Joe Thomas,18,OT,CLV
2013,Robert Mathis,19,LB,IND
2013,Russell Wilson,20,QB,SEA
2013,Andre Johnson,21,WR,HOU
2013,Patrick Peterson,22,CB,ARI
2013,Antonio Brown,23,WR,PIT
2013,Cam Newton,24,QB,CAR
2013,Dez Bryant,25,WR,DAL
2013,Terrell Suggs,26,LB,BAL
2013,Patrick Willis,27,LB,SF
2013,Gerald McCoy,28,DT,TB
2013,Mario Williams,29,DE,BUF
2013,Andrew Luck,30,QB,IND
2013,Ben Roethlisberger,31,QB,PIT
2013,Kyle Williams,32,DT,BUF
2013,Aldon Smith,33,LB,SF
2013,Philip Rivers,34,QB,LAC
2013,Lavonte David,35,LB,TB
2013,Brandon Marshall,36,WR,CHI
2013,Darrelle Revis,37,CB,TB
2013,Larry Fitzgerald,38,WR,ARI
2013,Joe Haden,39,CB,CLV
2013,Ndamukong Suh,40,DT,DET
2013,Rob Gronkowski,41,TE,NE
2013,Muhammad Wilkerson,42,DE,NYJ
2013,Tamba Hali,43,LB,KC
2013,Vincent Jackson,44,WR,TB
2013,Haloti Ngata,45,DT,BAL
2013,Frank Gore,46,RB,SF
2013,NaVorro Bowman,47,LB,SF
2013,Geno Atkins,48,DT,CIN
2013,Demaryius Thomas,49,WR,DEN
2013,Eric Berry,50,S,KC
2013,Vernon Davis,51,TE,SF
2013,Vontaze Burfict,52,LB,CIN
2013,Greg Hardy,53,DE,CAR
2013,Alshon Jeffery,54,WR,CHI
2013,Marshal Yanda,55,G,BAL
2013,DeMarcus Ware,56,LB,DAL
2013,Justin Houston,57,LB,KC
2013,Joe Flacco,58,QB,BAL
2013,DeAndre Levy,59,LB,DET
2013,Trent Williams,60,OT,WAS
2013,Troy Polamalu,61,S,PIT
2013,Marcell Dareus,62,DT,BUF
2013,DeSean Jackson,63,WR,PHI
2013,Derrick Johnson,64,LB,KC
2013,Kam Chancellor,65,S,SEA
2013,Cameron Wake,66,DE,MIA
2013,Jason Peters,67,OT,PHI
2013,Jared Allen,68,DE,MIN
2013,Justin Smith,69,DE,SF
2013,Nick Foles,70,QB,PHI
2013,Tony Romo,71,QB,DAL
2013,Antrel Rolle,72,S,NYG
2013,Wes Welker,73,WR,DEN
2013,Tim Jennings,74,CB,CHI
2013,Joe Staley,75,OT,SF
2013,Von Miller,76,LB,DEN
2013,Clay Matthews,77,LB,GB
2013,Tyron Smith,78,OT,DAL
2013,Aqib Talib,79,CB,NE
2013,Pierre Gar√ßon,80,WR,WAS
2013,Colin Kaepernick,81,QB,SF
2013,T. J. Ward,82,S,CLV
2013,Jordy Nelson,83,WR,GB
2013,Kiko Alonso,84,LB,BUF
2013,Reggie Bush,85,RB,DET
2013,Duane Brown,86,OT,HOU
2013,DeMarco Murray,87,RB,DAL
2013,Evan Mathis,88,G,PHI
2013,Charles Clay,89,TE,MIA
2013,Eddie Lacy,90,RB,GB
2013,Matt Forte,91,RB,CHI
2013,Eric Weddle,92,S,LAC
2013,Ryan Kalil,93,C,CAR
2013,Sheldon Richardson,94,DT,NYJ
2013,Brent Grimes,95,CB,MIA
2013,Daryl Washington,96,LB,ARI
2013,Louis Vasquez,97,G,DEN
2013,Jason Witten,98,TE,DAL
2013,Cameron Jordan,99,DE,NOR
2013,Matthew Stafford,100,QB,DET
2014,J.J. Watt,1,DE,HOU
2014,Aaron Rodgers,2,QB,GB
2014,Tom Brady,3,QB,NE
2014,DeMarco Murray,4,RB,DAL
2014,Peyton Manning,5,QB,DEN
2014,Calvin Johnson,6,WR,DET
2014,Andrew Luck,7,QB,IND
2014,Antonio Brown,8,WR,PIT
2014,Marshawn Lynch,9,RB,SEA
2014,Rob Gronkowski,10,TE,NE
2014,Richard Sherman,11,CB,SEA
2014,Jamaal Charles,12,RB,KC
2014,Julio Jones,13,WR,ATL
2014,Luke Kuechly,14,LB,CAR
2014,Dez Bryant,15,WR,DAL
2014,Le'Veon Bell,16,RB,PIT
2014,Darrelle Revis,17,CB,NE
2014,Jordy Nelson,18,WR,GB
2014,Patrick Peterson,19,CB,ARI
2014,Demaryius Thomas,20,WR,DEN
2014,Earl Thomas,21,S,SEA
2014,Russell Wilson,22,QB,SEA
2014,Joe Haden,23,CB,CLV
2014,Ndamukong Suh,24,DT,DET
2014,Joe Thomas,25,OT,CLV
2014,Ben Roethlisberger,26,QB,PIT
2014,Justin Houston,27,LB,KC
2014,Gerald McCoy,28,DT,TB
2014,LeSean McCoy,29,RB,PHI
2014,Drew Brees,30,QB,NOR
2014,Jimmy Graham,31,TE,NOR
2014,Odell Beckham Jr.,32,WR,NYG
2014,Von Miller,33,LB,DEN
2014,Tony Romo,34,QB,DAL
2014,T.Y. Hilton,35,WR,IND
2014,Tyron Smith,36,OT,DAL
2014,A. J. Green,37,WR,CIN
2014,Brent Grimes,38,CB,MIA
2014,Cameron Wake,39,DE,MIA
2014,Jason Peters,40,OT,PHI
2014,Kam Chancellor,41,S,SEA
2014,Mario Williams,42,DE,BUF
2014,Philip Rivers,43,QB,LAC
2014,Robert Quinn,44,DE,LAR
2014,Julius Thomas,45,TE,DEN
2014,Elvis Dumervil,46,LB,BAL
2014,Trent Williams,47,OT,WAS
2014,Matt Forte,48,RB,CHI
2014,Khalil Mack,49,LB,LV
2014,DeSean Jackson,50,WR,WAS
2014,Clay Matthews,51,LB,GB
2014,Antonio Gates,52,TE,LAC
2014,Marcell Dareus,53,DT,BUF
2014,Steve Smith,54,WR,BAL
2014,Sheldon Richardson,55,DE,NYJ
2014,Lavonte David,56,LB,TB
2014,Brandon Marshall,57,WR,CHI
2014,Connor Barwin,58,LB,PHI
2014,Vontae Davis,59,CB,IND
2014,Eddie Lacy,60,RB,GB
2014,Jeremy Maclin,61,WR,PHI
2014,Adrian Peterson,62,RB,MIN
2014,Jerry Hughes,63,DE,BUF
2014,Charles Woodson,64,S,LV
2014,Justin Forsett,65,RB,BAL
2014,DeAndre Levy,66,LB,DET
2014,Tashaun Gipson,67,S,CLV
2014,Larry Fitzgerald,68,WR,ARI
2014,Bobby Wagner,69,LB,SEA
2014,Tamba Hali,70,LB,KC
2014,Julius Peppers,71,LB,GB
2014,Kyle Williams,72,DT,BUF
2014,Cam Newton,73,QB,CAR
2014,Muhammad Wilkerson,74,DE,NYJ
2014,Mike Evans,75,WR,TB
2014,Sen'Derrick Marks,76,DT,JAX
2014,Matt Ryan,77,QB,ATL
2014,Ryan Kerrigan,78,LB,WAS
2014,Marshal Yanda,79,G,BAL
2014,Arian Foster,80,RB,HOU
2014,Darren Sproles,81,RB,PHI
2014,Haloti Ngata,82,DT,BAL
2014,Maurkice Pouncey,83,C,PIT
2014,Terrell Suggs,84,LB,BAL
2014,Golden Tate,85,WR,DET
2014,Eric Weddle,86,S,LAC
2014,DeMarcus Ware,87,LB,DEN
2014,Glover Quin,88,S,DET
2014,Greg Olsen,89,TE,CAR
2014,Michael Bennett,90,DE,SEA
2014,Julian Edelman,91,WR,NE
2014,Aaron Donald,92,DT,LAR
2014,Jason Witten,93,TE,DAL
2014,C. J. Mosley,94,LB,BAL
2014,Emmanuel Sanders,95,WR,DEN
2014,Jurrell Casey,96,DE,TEN
2014,Joe Flacco,97,QB,BAL
2014,Adam Vinatieri,98,K,IND
2014,Calais Campbell,99,DE,ARI
2014,Randall Cobb,100,WR,GB
2015,Cam Newton,1,QB,CAR
2015,Tom Brady,2,QB,NE
2015,JJ Watt,3,DE,HOU
2015,Antonio Brown,4,WR,PIT
2015,Adrian Peterson,5,RB,MIN
2015,Aaron Rodgers,6,QB,GB
2015,Luke Kuechly,7,LB,CAR
2015,Julio Jones,8,WR,ATL
2015,Rob Gronkowski,9,TE,NE
2015,Odell Beckham Jr.,10,WR,NYG
2015,Josh Norman,11,CB,CAR
2015,Carson Palmer,12,QB,ARI
2015,Khalil Mack,13,DE,LV
2015,Aaron Donald,14,DT,LAR
2015,Von Miller,15,LB,DEN
2015,A.J. Green,16,WR,CIN
2015,Russell Wilson,17,QB,SEA
2015,Patrick Peterson,18,CB,ARI
2015,DeAndre Hopkins,19,WR,HOU
2015,Richard Sherman,20,CB,SEA
2015,Ben Roethlisberger,21,QB,PIT
2015,Todd Gurley,22,RB,LAR
2015,Joe Thomas,23,OT,CLV
2015,Darrelle Revis,24,CB,NYJ
2015,Brandon Marshall,25,WR,NYJ
2015,Justin Houston,26,LB,KC
2015,Larry Fitzgerald,27,WR,ARI
2015,Tyrann Mathieu,28,S,ARI
2015,Geno Atkins,29,DT,CIN
2015,Drew Brees,30,QB,NOR
2015,Allen Robinson,31,WR,JAX
2015,Kam Chancellor,32,S,SEA
2015,Doug Martin,33,RB,TB
2015,Aqib Talib,34,CB,DEN
2015,Andy Dalton,35,QB,CIN
2015,DeMarcus Ware,36,LB,DEN
2015,Marshal Yanda,37,G,BAL
2015,Greg Olsen,38,TE,CAR
2015,Muhammad Wilkerson,39,DE,NYJ
2015,Ndamukong Suh,40,DT,MIA
2015,Le'Veon Bell,41,RB,PIT
2015,Tyron Smith,42,OT,DAL
2015,Ezekiel Ansah,43,DE,DET
2015,Tyler Eifert,44,TE,CIN
2015,Trent Williams,45,OT,WAS
2015,Philip Rivers,46,QB,LAC
2015,Eli Manning,47,QB,NYG
2015,Chandler Jones,48,DE,NE
2015,Fletcher Cox,49,DT,PHI
2015,Devonta Freeman,50,RB,ATL
2015,Dez Bryant,51,WR,DAL
2015,Chris Harris Jr.,52,CB,DEN
2015,Lavonte David,53,LB,TB
2015,Thomas Davis Sr.,54,LB,CAR
2015,Eric Berry,55,S,KC
2015,Blake Bortles,56,QB,JAX
2015,Clay Matthews,57,LB,GB
2015,Kawann Short,58,DT,CAR
2015,Michael Bennett,59,DE,SEA
2015,Reggie Nelson,60,S,CIN
2015,NaVorro Bowman,61,LB,SF
2015,Demaryius Thomas,62,WR,DEN
2015,Gerald McCoy,63,DT,TB
2015,Reshad Jones,64,S,MIA
2015,Marcus Peters,65,CB,KC
2015,Earl Thomas,66,S,SEA
2015,Andrew Whitworth,67,OT,CIN
2015,T.J. Ward,68,S,DEN
2015,LeSean McCoy,69,RB,BUF
2015,Carlos Dunlap,70,DE,CIN
2015,Calais Campbell,71,DE,ARI
2015,Doug Baldwin,72,WR,SEA
2015,Harrison Smith,73,S,MIN
2015,Emmanuel Sanders,74,WR,DEN
2015,Jamaal Charles,75,RB,KC
2015,Linval Joseph,76,DT,MIN
2015,Jordan Reed,77,TE,WAS
2015,Chris Ivory,78,RB,NYJ
2015,Ryan Kalil,79,C,CAR
2015,Derrick Johnson,80,LB,KC
2015,Alex Smith,81,QB,KC
2015,Delanie Walker,82,TE,TEN
2015,Telvin Smith,83,LB,JAX
2015,Tamba Hali,84,LB,KC
2015,Kirk Cousins,85,QB,WAS
2015,Jonathan Stewart,86,RB,CAR
2015,Julian Edelman,87,WR,NE
2015,Cameron Heyward,88,DE,PIT
2015,Allen Hurns,89,WR,JAX
2015,Matt Forte,90,RB,CHI
2015,Travis Kelce,91,TE,KC
2015,Andrew Luck,92,QB,IND
2015,Jeremy Maclin,93,WR,KC
2015,Gary Barnidge,94,TE,CLV
2015,Mike Daniels,95,DT,GB
2015,Sammy Watkins,96,WR,BUF
2015,Richie Incognito,97,G,BUF
2015,Jarvis Landry,98,WR,MIA
2015,Cameron Jordan,99,DE,NOR
2015,Derek Carr,100,QB,LV
2016,Tom Brady,1,QB,NE
2016,Von Miller,2,LB,DEN
2016,Julio Jones,3,WR,ATL
2016,Antonio Brown,4,WR,PIT
2016,Khalil Mack,5,DE,LV
2016,Aaron Rodgers,6,QB,GB
2016,Ezekiel Elliott,7,RB,DAL
2016,Odell Beckham Jr.,8,WR,NYG
2016,Le'Veon Bell,9,RB,PIT
2016,Matt Ryan,10,QB,ATL
2016,Derek Carr,11,QB,LV
2016,David Johnson,12,RB,ARI
2016,Eric Berry,13,S,KC
2016,Dak Prescott,14,QB,DAL
2016,Aaron Donald,15,DT,LAR
2016,Drew Brees,16,QB,NOR
2016,A.J. Green,17,WR,CIN
2016,Tyron Smith,18,OT,DAL
2016,Patrick Peterson,19,CB,ARI
2016,Luke Kuechly,20,LB,CAR
2016,Richard Sherman,21,CB,SEA
2016,Ben Roethlisberger,22,QB,PIT
2016,Rob Gronkowski,23,TE,NE
2016,Russell Wilson,24,QB,SEA
2016,Joe Thomas,25,OT,CLV
2016,Travis Kelce,26,TE,KC
2016,LeSean McCoy,27,RB,BUF
2016,Landon Collins,28,S,NYG
2016,Mike Evans,29,WR,TB
2016,Earl Thomas,30,S,SEA
2016,Matthew Stafford,31,QB,DET
2016,Marcus Peters,32,CB,KC
2016,DeMarco Murray,33,RB,TEN
2016,Kam Chancellor,34,S,SEA
2016,J.J. Watt,35,DE,HOU
2016,Tyreek Hill,36,WR,KC
2016,Aqib Talib,37,CB,DEN
2016,Fletcher Cox,38,DT,PHI
2016,Bobby Wagner,39,LB,SEA
2016,Vic Beasley,40,LB,ATL
2016,Devonta Freeman,41,RB,ATL
2016,Jarvis Landry,42,WR,MIA
2016,Marshal Yanda,43,G,BAL
2016,Cam Newton,44,QB,CAR
2016,Larry Fitzgerald,45,WR,ARI
2016,Michael Bennett,46,DE,SEA
2016,Trent Williams,47,OT,WAS
2016,Jordy Nelson,48,WR,GB
2016,Jadeveon Clowney,49,DE,HOU
2016,Marcus Mariota,50,QB,TEN
2016,Andrew Luck,51,QB,IND
2016,Gerald McCoy,52,DT,TB
2016,Amari Cooper,53,WR,LV
2016,Janoris Jenkins,54,CB,NYG
2016,Ndamukong Suh,55,DT,MIA
2016,Cliff Avril,56,DE,SEA
2016,Jameis Winston,57,QB,TB
2016,Zack Martin,58,G,DAL
2016,Josh Norman,59,CB,WAS
2016,Dez Bryant,60,WR,DAL
2016,T.Y. Hilton,61,WR,IND
2016,Cameron Wake,62,DE,MIA
2016,Chris Harris Jr.,63,CB,DEN
2016,Casey Hayward,64,CB,LAC
2016,Jordan Reed,65,TE,WAS
2016,Xavier Rhodes,66,CB,MIN
2016,Greg Olsen,67,TE,CAR
2016,Geno Atkins,68,DT,CIN
2016,Jay Ajayi,69,RB,MIA
2016,Kirk Cousins,70,QB,WAS
2016,Julian Edelman,71,WR,NE
2016,Taylor Lewan,72,OT,TEN
2016,Philip Rivers,73,QB,LAC
2016,Harrison Smith,74,S,MIN
2016,Delanie Walker,75,TE,TEN
2016,Justin Houston,76,LB,KC
2016,Ha Ha Clinton-Dix,77,S,GB
2016,Brian Orakpo,78,LB,TEN
2016,Sean Lee,79,LB,DAL
2016,LeGarrette Blount,80,RB,NE
2016,Alex Smith,81,QB,KC
2016,Clay Matthews,82,LB,GB
2016,Calais Campbell,83,DE,ARI
2016,Mike Daniels,84,DT,GB
2016,Chandler Jones,85,LB,ARI
2016,Jurrell Casey,86,DT,TEN
2016,Travis Frederick,87,C,DAL
2016,Doug Baldwin,88,WR,SEA
2016,Thomas Davis,89,LB,CAR
2016,Malcolm Jenkins,90,S,PHI
2016,Lorenzo Alexander,91,LB,BUF
2016,Everson Griffen,92,DE,MIN
2016,Brandon Graham,93,DE,PHI
2016,Dont'a Hightower,94,LB,NE
2016,Kelechi Osemele,95,G,LV
2016,Damon Harrison,96,DT,NYG
2016,David DeCastro,97,G,PIT
2016,Adrian Peterson,98,RB,MIN
2016,Malcolm Butler,99,CB,NE
2016,Joey Bosa,100,DE,LAC
2017,Tom Brady,1,QB,NE
2017,Antonio Brown,2,WR,PIT
2017,Carson Wentz,3,QB,PHI
2017,Julio Jones,4,WR,ATL
2017,Le'Veon Bell,5,RB,PIT
2017,Todd Gurley,6,RB,LAR
2017,Aaron Donald,7,DT,LAR
2017,Drew Brees,8,QB,NOR
2017,Von Miller,9,LB,DEN
2017,Aaron Rodgers,10,QB,GB
2017,Russell Wilson,11,QB,SEA
2017,Luke Kuechly,12,LB,CAR
2017,DeAndre Hopkins,13,WR,HOU
2017,Calais Campbell,14,DE,JAX
2017,Rob Gronkowski,15,TE,NE
2017,Khalil Mack,16,DE,LV
2017,Jalen Ramsey,17,CB,JAX
2017,Ben Roethlisberger,18,QB,PIT
2017,Everson Griffen,19,DE,MIN
2017,Alvin Kamara,20,RB,NOR
2017,Bobby Wagner,21,LB,SEA
2017,A. J. Green,22,WR,CIN
2017,Patrick Peterson,23,CB,ARI
2017,Travis Kelce,24,TE,KC
2017,Cam Newton,25,QB,CAR
2017,Cameron Jordan,26,DE,NOR
2017,Larry Fitzgerald,27,WR,ARI
2017,Chandler Jones,28,DE,ARI
2017,Matt Ryan,29,QB,ATL
2017,LeSean McCoy,30,RB,BUF
2017,Matthew Stafford,31,QB,DET
2017,Jadeveon Clowney,32,DE,HOU
2017,Kareem Hunt,33,RB,KC
2017,DeMarcus Lawrence,34,DE,DAL
2017,A. J. Bouye,35,CB,JAX
2017,Adam Thielen,36,WR,MIN
2017,Joey Bosa,37,DE,LAC
2017,Jared Goff,38,QB,LAR
2017,Tyron Smith,39,OT,DAL
2017,Tyreek Hill,40,WR,KC
2017,Keenan Allen,41,WR,LAC
2017,Earl Thomas,42,S,SEA
2017,Mark Ingram,43,RB,NOR
2017,David DeCastro,44,G,PIT
2017,Davante Adams,45,WR,GB
2017,Harrison Smith,46,S,MIN
2017,Ryan Shazier,47,LB,PIT
2017,Cameron Heyward,48,DE,PIT
2017,Darius Slay,49,CB,DET
2017,Deshaun Watson,50,QB,HOU
2017,Case Keenum,51,QB,MIN
2017,Jarvis Landry,52,WR,MIA
2017,Aqib Talib,53,CB,DEN
2017,Ezekiel Elliott,54,RB,DAL
2017,Xavier Rhodes,55,CB,MIN
2017,Philip Rivers,56,QB,LAC
2017,Trent Williams,57,OT,WAS
2017,Leonard Fournette,58,RB,JAX
2017,Casey Hayward,59,CB,LAC
2017,Derek Carr,60,QB,LV
2017,Ndamukong Suh,61,DT,MIA
2017,Micah Hyde,62,S,BUF
2017,Geno Atkins,63,DT,CIN
2017,Richard Sherman,64,CB,SEA
2017,Stefon Diggs,65,WR,MIN
2017,Jurrell Casey,66,DT,TEN
2017,Telvin Smith,67,LB,JAX
2017,Zach Ertz,68,TE,PHI
2017,Fletcher Cox,69,DT,PHI
2017,Devonta Freeman,70,RB,ATL
2017,Zack Martin,71,G,DAL
2017,Delanie Walker,72,TE,TEN
2017,Thomas Davis,73,LB,CAR
2017,Cameron Wake,74,DE,MIA
2017,Kam Chancellor,75,S,SEA
2017,Melvin Ingram,76,DE,LAC
2017,Odell Beckham Jr.,77,WR,NYG
2017,Taylor Lewan,78,OT,TEN
2017,Marcus Peters,79,CB,KC
2017,Kevin Byard,80,S,TEN
2017,Michael Thomas,81,WR,NOR
2017,Marshon Lattimore,82,CB,NOR
2017,Linval Joseph,83,DT,MIN
2017,J. J. Watt,84,DE,HOU
2017,Bruce Irvin,85,DE,LV
2017,Chris Harris Jr.,86,CB,DEN
2017,Andrew Whitworth,87,OT,LAR
2017,Yannick Ngakoue,88,DE,JAX
2017,Jimmy Graham,89,TE,SEA
2017,Jimmy Garoppolo,90,QB,NE
2017,David Bakhtiari,91,OT,GB
2017,Landon Collins,92,S,NYG
2017,Mike Daniels,93,DE,GB
2017,Kirk Cousins,94,QB,WAS
2017,Lane Johnson,95,OT,PHI
2017,Malcolm Jenkins,96,S,PHI
2017,Carlos Hyde,97,RB,SF
2017,C. J. Mosley,98,LB,BAL
2017,Doug Baldwin,99,WR,SEA
2017,Ha Ha Clinton-Dix,100,S,GB
2018,Aaron Donald,1,DT,LAR
2018,Drew Brees,2,QB,NOR
2018,Khalil Mack,3,LB,CHI
2018,Patrick Mahomes,4,QB,KC
2018,Todd Gurley,5,RB,LAR
2018,Tom Brady,6,QB,NE
2018,Antonio Brown,7,WR,PIT
2018,Aaron Rodgers,8,QB,GB
2018,Julio Jones,9,WR,ATL
2018,Von Miller,10,LB,DEN
2018,DeAndre Hopkins,11,WR,HOU
2018,J. J. Watt,12,DE,HOU
2018,Michael Thomas,13,WR,NOR
2018,Alvin Kamara,14,RB,NOR
2018,Bobby Wagner,15,LB,SEA
2018,Saquon Barkley,16,RB,NYG
2018,Philip Rivers,17,QB,LAC
2018,Ezekiel Elliott,18,RB,DAL
2018,Tyreek Hill,19,WR,KC
2018,Andrew Luck,20,QB,IND
2018,Travis Kelce,21,TE,KC
2018,Stephon Gilmore,22,CB,NE
2018,Odell Beckham Jr.,23,WR,NYG
2018,Luke Kuechly,24,LB,CAR
2018,Russell Wilson,25,QB,SEA
2018,Darius Leonard,26,LB,IND
2018,Jalen Ramsey,27,CB,JAX
2018,Fletcher Cox,28,DT,PHI
2018,George Kittle,29,TE,SF
2018,Eddie Jackson,30,S,CHI
2018,Derwin James,31,S,LAC
2018,Jared Goff,32,QB,LAR
2018,Adam Thielen,33,WR,MIN
2018,Melvin Gordon,34,RB,LAC
2018,Davante Adams,35,WR,GB
2018,Chris Jones,36,DT,KC
2018,Jamal Adams,37,S,NYJ
2018,Keenan Allen,38,WR,LAC
2018,Akiem Hicks,39,DE,CHI
2018,Zach Ertz,40,TE,PHI
2018,Cameron Jordan,41,DE,NOR
2018,Christian McCaffrey,42,RB,CAR
2018,David Bakhtiari,43,OT,GB
2018,Ben Roethlisberger,44,QB,PIT
2018,DeMarcus Lawrence,45,DE,DAL
2018,Patrick Peterson,46,CB,ARI
2018,JuJu Smith-Schuster,47,WR,PIT
2018,Melvin Ingram,48,DE,LAC
2018,Myles Garrett,49,DE,CLV
2018,Baker Mayfield,50,QB,CLV
2018,Deshaun Watson,51,QB,HOU
2018,Tyron Smith,52,OT,DAL
2018,Mike Evans,53,WR,TB
2018,Calais Campbell,54,DE,JAX
2018,Xavien Howard,55,CB,MIA
2018,Joey Bosa,56,DE,LAC
2018,Danielle Hunter,57,DE,MIN
2018,A. J. Green,58,WR,CIN
2018,Zack Martin,59,G,DAL
2018,Larry Fitzgerald,60,WR,ARI
2018,Jaylon Smith,61,LB,DAL
2018,James Conner,62,RB,PIT
2018,Jadeveon Clowney,63,LB,HOU
2018,Amari Cooper,64,WR,DAL
2018,Jason Pierre-Paul,65,LB,TB
2018,Eric Ebron,66,TE,IND
2018,Dee Ford,67,DE,KC
2018,Phillip Lindsay,68,RB,DEN
2018,Matt Ryan,69,QB,ATL
2018,T. Y. Hilton,70,WR,IND
2018,C. J. Mosley,71,LB,BAL
2018,Jason Kelce,72,C,PHI
2018,Stefon Diggs,73,WR,MIN
2018,Leighton Vander Esch,74,LB,DAL
2018,Gerald McCoy,75,DT,TB
2018,Robert Woods,76,WR,LAR
2018,Taylor Lewan,77,OT,TEN
2018,Kirk Cousins,78,QB,MIN
2018,Geno Atkins,79,DT,CIN
2018,Mark Ingram,80,RB,NOR
2018,Trent Williams,81,OT,WAS
2018,Bradley Chubb,82,LB,DEN
2018,Harrison Smith,83,S,MIN
2018,Jarvis Landry,84,WR,CLV
2018,Frank Clark,85,DE,SEA
2018,Darius Slay,86,CB,DET
2018,Cam Newton,87,QB,CAR
2018,Cameron Heyward,88,DE,PIT
2018,Devin McCourty,89,S,NE
2018,Julian Edelman,90,WR,NE
2018,Andrew Whitworth,91,OT,LAR
2018,Jurrell Casey,92,DE,TEN
2018,T. J. Watt,93,LB,PIT
2018,Mitchell Schwartz,94,OT,KC
2018,Kyle Fuller,95,CB,CHI
2018,Carson Wentz,96,QB,PHI
2018,Byron Jones,97,CB,DAL
2018,Tyler Lockett,98,WR,SEA
2018,Derrick Henry,99,RB,TEN
2018,Eric Weddle,100,S,BAL
2019,Lamar Jackson,1,QB,BAL
2019,Russell Wilson,2,QB,SEA
2019,Aaron Donald,3,DT,LAR
2019,Patrick Mahomes,4,QB,KC
2019,Michael Thomas,5,WR,NOR
2019,Christian McCaffrey,6,RB,CAR
2019,George Kittle,7,TE,SF
2019,DeAndre Hopkins,8,WR,HOU
2019,Stephon Gilmore,9,CB,NE
2019,Derrick Henry,10,RB,TEN
2019,Julio Jones,11,WR,ATL
2019,Drew Brees,12,QB,NOR
2019,Bobby Wagner,13,LB,SEA
2019,Tom Brady,14,QB,NE
2019,Chandler Jones,15,LB,ARI
2019,Aaron Rodgers,16,QB,GB
2019,Nick Bosa,17,DE,SF
2019,Travis Kelce,18,TE,KC
2019,Khalil Mack,19,LB,CHI
2019,Deshaun Watson,20,QB,HOU
2019,Dalvin Cook,21,RB,MIN
2019,Tyreek Hill,22,WR,KC
2019,Cameron Jordan,23,DE,NOR
2019,Ezekiel Elliott,24,RB,DAL
2019,T. J. Watt,25,LB,PIT
2019,Von Miller,26,LB,DEN
2019,Jamal Adams,27,S,NYJ
2019,Richard Sherman,28,CB,SF
2019,Quenton Nelson,29,G,IND
2019,Mike Evans,30,WR,TB
2019,Saquon Barkley,31,RB,NYG
2019,Shaquil Barrett,32,LB,TB
2019,Aaron Jones,33,RB,GB
2019,Joey Bosa,34,DE,LAC
2019,Minkah Fitzpatrick,35,S,PIT
2019,Nick Chubb,36,RB,CLV
2019,Jalen Ramsey,37,CB,JAX
2019,Chris Godwin,38,WR,TB
2019,Tyrann Mathieu,39,S,KC
2019,Danielle Hunter,40,DE,MIN
2019,Jadeveon Clowney,41,DE,SEA
2019,Alvin Kamara,42,RB,NOR
2019,Jimmy Garoppolo,43,QB,SF
2019,Mark Ingram,44,RB,BAL
2019,J. J. Watt,45,DE,HOU
2019,Dak Prescott,46,QB,DAL
2019,Tre'Davious White,47,CB,BUF
2019,Za'Darius Smith,48,LB,GB
2019,Amari Cooper,49,WR,DAL
2019,Darius Leonard,50,LB,IND
2019,Todd Gurley,51,RB,LAR
2019,Chris Jones,52,DT,KC
2019,Marcus Peters,53,CB,BAL
2019,Stefon Diggs,54,WR,MIN
2019,Zack Martin,55,G,DAL
2019,DeForest Buckner,56,DT,SF
2019,Davante Adams,57,WR,GB
2019,Kirk Cousins,58,QB,MIN
2019,Odell Beckham Jr.,59,WR,CLV
2019,Logan Ryan,60,CB,TEN
2019,Jarvis Landry,61,WR,CLV
2019,David Bakhtiari,62,OT,GB
2019,Preston Smith,63,LB,GB
2019,Harrison Smith,64,S,MIN
2019,Tyler Lockett,65,WR,SEA
2019,Laremy Tunsil,66,OT,HOU
2019,Demario Davis,67,LB,NOR
2019,Ryan Tannehill,68,QB,TEN
2019,Larry Fitzgerald,69,WR,ARI
2019,Fred Warner,70,LB,SF
2019,Jurrell Casey,71,DT,TEN
2019,Josh Jacobs,72,RB,LV
2019,Fletcher Cox,73,DT,PHI
2019,Ronnie Stanley,74,OT,BAL
2019,Earl Thomas,75,S,BAL
2019,Marshon Lattimore,76,CB,NOR
2019,Keenan Allen,77,WR,LAC
2019,Tyron Smith,78,OT,DAL
2019,Calais Campbell,79,DE,JAX
2019,Myles Garrett,80,DE,CLV
2019,DK Metcalf,81,WR,SEA
2019,Ryan Ramczyk,82,OT,NOR
2019,Eric Kendricks,83,LB,MIN
2019,Cameron Heyward,84,DT,PIT
2019,Zach Ertz,85,TE,PHI
2019,Marlon Humphrey,86,CB,BAL
2019,Josh Allen,87,QB,BUF
2019,Jaylon Smith,88,LB,DAL
2019,Cooper Kupp,89,WR,LAR
2019,Kyler Murray,90,QB,ARI
2019,Grady Jarrett,91,DT,ATL
2019,Darius Slay,92,CB,DET
2019,Allen Robinson,93,WR,CHI
2019,Jason Kelce,94,C,PHI
2019,Frank Clark,95,DE,KC
2019,Chris Carson,96,RB,SEA
2019,Budda Baker,97,S,ARI
2019,Brandon Brooks,98,G,PHI
2019,Darren Waller,99,TE,LV
2019,Lavonte David,100,LB,TB
2020,Patrick Mahomes,1,QB,KC
2020,Aaron Donald,2,DT,LAR
2020,Aaron Rodgers,3,QB,GB
2020,Derrick Henry,4,RB,TEN
2020,Travis Kelce,5,TE,KC
2020,Davante Adams,6,WR,GB
2020,Tom Brady,7,QB,TB
2020,DeAndre Hopkins,8,WR,ARI
2020,T. J. Watt,9,LB,PIT
2020,Josh Allen,10,QB,BUF
2020,Stefon Diggs,11,WR,BUF
2020,Russell Wilson,12,QB,SEA
2020,Jalen Ramsey,13,CB,LAR
2020,Alvin Kamara,14,RB,NOR
2020,Tyreek Hill,15,WR,KC
2020,Myles Garrett,16,DE,CLV
2020,Xavien Howard,17,CB,MIA
2020,Deshaun Watson,18,QB,HOU
2020,Budda Baker,19,S,ARI
2020,Dalvin Cook,20,RB,MIN
2020,Fred Warner,21,LB,SF
2020,DK Metcalf,22,WR,SEA
2020,Khalil Mack,23,LB,CHI
2020,Lamar Jackson,24,QB,BAL
2020,Bobby Wagner,25,LB,SEA
2020,Nick Chubb,26,RB,CLV
2020,DeForest Buckner,27,DT,IND
2020,Devin White,28,LB,TB
2020,Julio Jones,29,WR,ATL
2020,Aaron Jones,30,RB,GB
2020,Jamal Adams,31,S,SEA
2020,Joey Bosa,32,DE,LAC
2020,Quenton Nelson,33,G,IND
2020,Chris Jones,34,DT,KC
2020,Darren Waller,35,TE,LV
2020,David Bakhtiari,36,OT,GB
2020,Darius Leonard,37,LB,IND
2020,Marlon Humphrey,38,CB,BAL
2020,Kyler Murray,39,QB,ARI
2020,Bradley Chubb,40,LB,DEN
2020,Jaire Alexander,41,CB,GB
2020,Trent Williams,42,OT,SF
2020,Lavonte David,43,LB,TB
2020,Christian McCaffrey,44,RB,CAR
2020,Justin Simmons,45,S,DEN
2020,Cameron Jordan,46,DE,NOR
2020,Stephon Gilmore,47,CB,NE
2020,Mike Evans,48,WR,TB
2020,J. C. Jackson,49,CB,NE
2020,George Kittle,50,TE,SF
2020,Za'Darius Smith,51,LB,GB
2020,Minkah Fitzpatrick,52,S,PIT
2020,Justin Jefferson,53,WR,MIN
2020,Grady Jarrett,54,DT,ATL
2020,Keenan Allen,55,WR,LAC
2020,Justin Herbert,56,QB,LAC
2020,Cameron Heyward,57,DT,PIT
2020,Tyrann Mathieu,58,S,KC
2020,Jason Pierre-Paul,59,LB,TB
2020,Corey Linsley,60,C,GB
2020,Chase Young,61,DE,WAS
2020,A. J. Brown,62,WR,TEN
2020,Fletcher Cox,63,DT,PHI
2020,Demario Davis,64,LB,NOR
2020,Calvin Ridley,65,WR,ATL
2020,J. J. Watt,66,DE,HOU
2020,K. J. Wright,67,LB,SEA
2020,Josh Jacobs,68,RB,LV
2020,Ryan Kelly,69,C,IND
2020,Eric Kendricks,70,LB,MIN
2020,Baker Mayfield,71,QB,CLV
2020,Michael Thomas,72,WR,NOR
2020,Trey Hendrickson,73,DE,NOR
2020,James Bradberry,74,CB,NYG
2020,Laremy Tunsil,75,OT,HOU
2020,Tyler Lockett,76,WR,SEA
2020,Quandre Diggs,77,S,SEA
2020,Jeffery Simmons,78,DT,TEN
2020,Terron Armstead,79,OT,NOR
2020,Adam Thielen,80,WR,MIN
2020,Chris Godwin,81,WR,TB
2020,Garett Bolles,82,OT,DEN
2020,Ryan Tannehill,83,QB,TEN
2020,Leonard Williams,84,DE,NYG
2020,Zack Martin,85,G,DAL
2020,Marshon Lattimore,86,CB,NOR
2020,Allen Robinson,87,WR,CHI
2020,Shaquil Barrett,88,LB,TB
2020,Tristan Wirfs,89,OT,TB
2020,Jessie Bates,90,S,CIN
2020,Corey Davis,91,WR,TEN
2020,Jason Kelce,92,C,PHI
2020,T. J. Hockenson,93,TE,DET
2020,Jarvis Landry,94,WR,CLV
2020,Tre'Davious White,95,CB,BUF
2020,Cole Beasley,96,WR,BUF
2020,Kyle Juszczyk,97,FB,SF
2020,Brandon Scherff,98,G,WAS
2020,Brandon Graham,99,DE,PHI
2020,James Robinson,100,RB,JAX
